scenario,method,replications,mae_mean,mae_sd,rmse_mean,latent_rmse_mean,calibration_in_the_large_mean,calibration_slope_mean,residual_age_slope_mean,residual_age_correlation_mean,outcome_beta_age_adjusted_mean,association_target_mean,association_error_age_adjusted_mean,association_error_age_adjusted_abs_mean,detection_rate_age_adjusted,latent_target_interval_inclusion_rate,raw_rmse_mean,rmse_ratio_vs_raw
unbiased_predictions,raw_lasso,30,0.022172859575885943,0.0009375794306362091,0.027258561866105823,0.027258561866105823,-0.00047365327353838355,0.9988512556205623,-0.0011487443794376902,-0.7301737183097897,-4.00889268661041e-05,0.0,-4.00889268661041e-05,0.0007274997729090116,0.03333333333333333,0.9666666666666667,0.027258561866105823,1.0
unbiased_predictions,residual_correction,30,0.014874934015070245,0.00036349015798590355,0.01862039345640457,0.01862039345640457,-0.00013250980560569823,1.000006186714313,6.186714313050068e-06,0.00551377623549064,-4.008892686611901e-05,0.0,-4.008892686611901e-05,0.0007274997729090078,0.03333333333333333,0.9666666666666667,0.027258561866105823,0.6831025623386892
unbiased_predictions,linear_recalibration,30,0.01489198433256272,0.00036381781619306637,0.01864179426940654,0.01864179426940654,-0.00013295141687696626,1.0000051173897244,5.1173897244553386e-06,0.0045161177298886175,-4.013552794810138e-05,0.0,-4.013552794810138e-05,0.0007283391169149076,0.03333333333333333,0.9666666666666667,0.027258561866105823,0.6838876665972003
unbiased_predictions,umlr_oracle,30,0.014909878746518094,0.00036096726670582286,0.018666944177474373,0.018666944177474373,-0.00014566555814233577,1.0000037144247986,3.7144247985917054e-06,0.0035138143268603605,-4.069987240953117e-05,0.0,-4.069987240953117e-05,0.0007240570350631204,0.03333333333333333,0.9666666666666667,0.027258561866105823,0.6848103091119219
regression_to_mean,raw_lasso,30,8.517433904668778,0.2806453704689876,10.587030948525678,10.387936261987582,-0.08485661489640141,0.6366245849882121,-0.36337541501178794,-0.5927074911025709,1.1908736479789623,2.173696018594638,-0.9828223706156755,0.9839671586184833,0.8666666666666667,0.23333333333333334,10.587030948525678,1.0
regression_to_mean,residual_correction,30,6.8151795158579445,0.34652018818759994,8.518811419910698,8.210001417019328,-0.11521530179035502,1.014971672482105,0.01497167248210487,0.029591465579542384,1.190873647978962,2.173696018594638,-0.9828223706156759,0.9839671586184837,0.8666666666666667,0.23333333333333334,10.587030948525678,0.8046459353268448
regression_to_mean,linear_recalibration,30,8.51713448260523,0.2804947984686938,10.587808379374078,10.385272140767631,-0.08521287790370889,0.6380878863569954,-0.3619121136430046,-0.5902775142680313,1.1936055388871598,2.173696018594638,-0.9800904797074781,0.9815925238637154,0.8666666666666667,0.23333333333333334,10.587030948525678,1.000073432377045
regression_to_mean,umlr_oracle,30,10.978654572633788,0.6524422957718508,13.71607349794181,12.847874120308697,-0.18850957164997642,1.0231594187537227,0.023159418753722703,0.027210975443196884,1.9033588045578924,2.173696018594638,-0.2703372140367455,0.62768204313474,0.8666666666666667,0.9,10.587030948525678,1.295554302677454
range_shift,raw_lasso,30,9.389362502174949,0.8334223303894036,10.943764916778214,10.470409580855984,-8.906827351970087,0.6753418240067278,-0.3246581759932722,-0.5203758013236319,1.548959819168272,2.259245847004673,-0.7102860278364012,0.7102860278364012,1.0,0.1,10.943764916778214,1.0
range_shift,residual_correction,30,4.3637957871834665,0.22384283755104564,5.468182280544866,4.550667402653518,-0.2894055273962362,0.987662781948916,-0.012337218051084009,-0.024580551808215882,1.5489598191682723,2.259245847004673,-0.7102860278364009,0.710286027836401,1.0,0.1,10.943764916778214,0.49966189169153585
range_shift,linear_recalibration,30,9.346474289123961,0.8311978070961011,10.902784829798616,10.422996772609338,-8.853981392088384,0.6772525380507782,-0.3227474619492218,-0.5170814788429449,1.55334919136556,2.259245847004673,-0.7058966556391134,0.7058966556391134,1.0,0.1,10.943764916778214,0.9962553940722201
range_shift,umlr_oracle,30,6.388874672049045,0.37423837558263234,7.9999372726065285,6.238845174458592,-0.41376384716855763,0.9823368646011051,-0.017663135398894938,-0.025445518623286856,2.252677083805045,2.259245847004673,-0.006568763199628617,0.18994963209974275,1.0,1.0,10.943764916778214,0.7310041227531838
heteroscedastic_errors,raw_lasso,30,5.700791198073215,0.20161599340488184,7.194374280947271,5.8723283253748715,-0.020466364537725122,0.8313046625372422,-0.16869533746275772,-0.4080838466544685,1.7964641502769603,2.1923449711707037,-0.3958808208937434,0.3961915683407341,1.0,0.7,7.194374280947271,1.0
heteroscedastic_errors,residual_correction,30,5.176417783581687,0.22525769988989575,6.571485152987796,5.105259554748552,0.024271845824400385,0.992388776432753,-0.007611223567246916,-0.020365380543509903,1.7964641502769643,2.1923449711707037,-0.39588082089373927,0.39619156834072994,1.0,0.7,7.194374280947271,0.9134199718231145
heteroscedastic_errors,linear_recalibration,30,5.700400227329319,0.20166139347711778,7.19454625004632,5.867222718087161,-0.020067040633338085,0.8325683019292761,-0.16743169807072394,-0.4050199411189368,1.7992050497536805,2.1923449711707037,-0.39313992141702325,0.3936476880227059,1.0,0.7,7.194374280947271,1.0000239032739102
heteroscedastic_errors,umlr_oracle,30,6.16776196997104,0.31348021868471904,7.828548612963071,6.019965893646442,0.03155097859048943,0.9881104010824211,-0.011889598917578873,-0.027908096851696367,2.1389176523756794,2.1923449711707037,-0.053427318795024076,0.24259803166219898,1.0,0.9666666666666667,7.194374280947271,1.0881486432663467
age_imbalance,raw_lasso,30,4.681295929956819,0.16507656900639608,5.855588623941114,5.642213065531342,0.09810608887686686,0.5475835282806077,-0.45241647171939225,-0.6620754168226557,1.2079864228145525,2.1964993226287493,-0.9885128998141968,0.9885128998141967,1.0,0.0,5.855588623941114,1.0
age_imbalance,residual_correction,30,3.5018925407017516,0.2398417478604862,4.383915118355188,4.115827824671317,0.046337216995311396,0.9890834001922664,-0.010916599807733577,-0.020521791649592353,1.207986422814553,2.1964993226287493,-0.9885128998141965,0.9885128998141964,1.0,0.0,5.855588623941114,0.7486719781562432
age_imbalance,linear_recalibration,30,4.681828441028352,0.16551781301836127,5.85634774560464,5.632059589868136,0.09801944471111317,0.5500886214465698,-0.4499113785534302,-0.6583338662511427,1.2135273505705257,2.1964993226287493,-0.9829719720582237,0.9829719720582238,1.0,0.0,5.855588623941114,1.000129640538685
age_imbalance,umlr_oracle,30,6.294607723464055,0.40566498780930615,7.877120060219236,6.182041340009266,0.08338241001503871,0.9801200996686348,-0.019879900331365292,-0.024724902704096594,2.162398950660918,2.1964993226287493,-0.03410037196783096,0.3254878579339799,1.0,0.9333333333333333,5.855588623941114,1.3452311229673657
null_outcome,raw_lasso,30,5.6933119733423885,0.23850015952615436,7.120954772682722,5.865104947936397,-0.07558689794871573,0.8378704867638679,-0.162129513236132,-0.3941938259315135,-0.011059553830920306,0.0,-0.011059553830920306,0.2064639594784557,0.06666666666666667,0.9333333333333333,7.120954772682722,1.0
null_outcome,residual_correction,30,5.220487048522988,0.22042251005223676,6.548744641429648,5.139176015699134,-0.05042167086802143,1.0045701908657119,0.0045701908657118685,0.012107322697373314,-0.011059553830920058,0.0,-0.011059553830920058,0.20646395947845578,0.06666666666666667,0.9333333333333333,7.120954772682722,0.91964418402878
null_outcome,linear_recalibration,30,5.6933316206262585,0.23833014948500825,7.121445309319008,5.860150802693645,-0.07548802799719152,0.8391670240141224,-0.16083297598587765,-0.3910150820877281,-0.011077107182024322,0.0,-0.011077107182024322,0.20678103163394385,0.06666666666666667,0.9333333333333333,7.120954772682722,1.0000688863575105
null_outcome,umlr_oracle,30,6.253116876313223,0.2561515056059491,7.84355549044638,6.070987765760956,-0.06541597544444966,1.0046704193962674,0.004670419396267463,0.01004985015046023,-0.010378519077492758,0.0,-0.010378519077492758,0.24448502992032378,0.06666666666666667,0.9333333333333333,7.120954772682722,1.1014752572977553
latent_signal,raw_lasso,30,5.814658207808939,0.1923676819540328,7.240120920847204,5.939820972279466,0.005072597103177857,0.8329170054205461,-0.16708299457945383,-0.4024977854197258,3.266062909535565,3.891331549482778,-0.6252686399472134,0.6252686399472133,1.0,0.26666666666666666,7.240120920847204,1.0
latent_signal,residual_correction,30,5.289255576283243,0.2199554178947541,6.6301265605172786,5.17887340034657,-0.004042739075258961,0.999136782086413,-0.0008632179135869851,-0.002969099023329832,3.2660629095355644,3.891331549482778,-0.6252686399472135,0.6252686399472135,1.0,0.26666666666666666,7.240120920847204,0.91574804247074
latent_signal,linear_recalibration,30,5.814485114635142,0.1924183143944433,7.240497282781206,5.934827000450581,0.005002875334776244,0.834183877846941,-0.165816122153059,-0.3994297725432934,3.271031761247947,3.891331549482778,-0.6202997882348308,0.6202997882348308,1.0,0.26666666666666666,7.240120920847204,1.0000519828243364
latent_signal,umlr_oracle,30,6.342151034061299,0.2888458477302363,7.946397526399509,6.135454465238749,-0.004699744603899947,0.9962494844926207,-0.0037505155073793077,-0.010004565043586546,3.907324472690413,3.891331549482778,0.015992923207635058,0.19159442983630606,1.0,1.0,7.240120920847204,1.0975503880768969
age_confounding,raw_lasso,30,5.777615780132076,0.2082513007358434,7.215339200302848,5.96895416484009,0.0425857377806179,0.8318376684877063,-0.16816233151229365,-0.40462347948174765,3.6839743314964557,4.453142554695221,-0.7691682231987659,0.7691682231987659,1.0,0.5666666666666667,7.215339200302848,1.0
age_confounding,residual_correction,30,5.285894989204907,0.25367729196589345,6.60505506173681,5.214632673369186,0.0007111154617430264,0.9983448747903795,-0.0016551252096205819,-0.005890257753701654,3.6839743314964557,4.453142554695221,-0.7691682231987657,0.7691682231987657,1.0,0.5666666666666667,7.215339200302848,0.9154185102565346
age_confounding,linear_recalibration,30,5.777385858088241,0.20867002770260676,7.2156396230635895,5.964016026497079,0.04223493841202693,0.8331113872037835,-0.16688861279621647,-0.40155035581375775,3.689619737560399,4.453142554695221,-0.7635228171348222,0.7635228171348223,1.0,0.5666666666666667,7.215339200302848,1.0000416366788034
age_confounding,umlr_oracle,30,6.352188753643715,0.35348695278030257,7.936557769106135,6.193754007741125,0.0036871071041696206,0.997951404443222,-0.002048595556778047,-0.007645161635952554,4.418228372026833,4.453142554695221,-0.03491418266838748,0.32516646371360725,1.0,1.0,7.215339200302848,1.099956294330974
small_calibration_sample,raw_lasso,30,6.368132066740362,0.42316920222409865,7.965679588522006,6.722544670671149,-0.33434233195600976,0.8349422734071762,-0.16505772659282378,-0.36707247005220045,1.8660369049159458,2.182117809431772,-0.31608090451582643,0.33094835206262896,1.0,0.9,7.965679588522006,1.0
small_calibration_sample,residual_correction,30,5.920314772219895,0.46194854602320945,7.417742375789841,6.089343609072018,-0.2489654572572874,0.9841601432909618,-0.015839856709038237,-0.04425393601767355,1.8660369049159458,2.182117809431772,-0.31608090451582627,0.3309483520626288,1.0,0.9,7.965679588522006,0.9312127475574457
small_calibration_sample,linear_recalibration,30,6.369633584382695,0.4237873351001408,7.968040712697903,6.720497364505809,-0.33391775497715703,0.8362622330863024,-0.16373776691369754,-0.36409148363133015,1.8689701477984841,2.182117809431772,-0.31314766163328817,0.3284309442868195,1.0,0.9,7.965679588522006,1.0002964121453364
small_calibration_sample,umlr_oracle,30,6.884624096792472,0.7209067791030604,8.625678801225604,7.064951499962329,-0.35435637214837773,0.9603377756016187,-0.03966222439838136,-0.09051452297330492,2.1511955425704414,2.182117809431772,-0.030922266861330785,0.1894879673544389,1.0,0.9666666666666667,7.965679588522006,1.0828553553239337
nonlinear_bias,raw_lasso,30,5.756343323408582,0.20445225480714121,7.234192450712949,5.606953236398102,-0.14312689652841,0.8332741958561901,-0.16672580414380983,-0.3988149660806768,1.987079278957469,2.174511566093853,-0.1874322871363837,0.21968261369992864,1.0,0.9666666666666667,7.234192450712949,1.0
nonlinear_bias,residual_correction,30,5.132360221553117,0.19894643678651788,6.631553532202886,4.8037833006603075,-0.16594240811095348,0.9970475167828065,-0.0029524832171935467,-0.008454632459200945,1.98707927895747,2.174511566093853,-0.18743228713638266,0.21968261369992934,1.0,0.9666666666666667,7.234192450712949,0.9166957580108791
nonlinear_bias,linear_recalibration,30,5.755721658201453,0.20417893200936693,7.234774620919011,5.600854023916434,-0.14359056067623183,0.8346710828246012,-0.16532891717539877,-0.39544494687311893,1.990409660319483,2.174511566093853,-0.1841019057743697,0.21781110528524356,1.0,0.9666666666666667,7.234192450712949,1.0000804748021328
nonlinear_bias,umlr_oracle,30,6.123459530326565,0.2211764425864584,7.810719555176578,5.822738805916188,-0.19650267549012995,0.9769121480938947,-0.023087851906105364,-0.05216489429828028,2.2658210924122812,2.174511566093853,0.09130952631842847,0.22873128740991266,1.0,1.0,7.234192450712949,1.079694742487368
